FID,OBJECTID,NAME,AREA,Shape_STAr,Shape_STLe
0,1,WEST BEAVERTON,42357835.581050001084805,42357835.581100001931190,31887.057203799999115
1,2,GREEN MEADOWS,20178727.432130001485348,20178727.432100001722574,18179.870883799998410
2,3,LLOYD DISTRICT COMMUNITY ASSN./SULLIVAN'S GULCH,1249668.889160000020638,1249668.889160000020638,5376.602675459999773
3,4,VOSE,34055908.568850003182888,34055908.568800002336502,24847.043728799999371
4,5,WILKES COMMUNITY GROUP,85602573.202639997005463,85602573.202600002288818,53930.721131699996477
5,6,KELLY CREEK,46427986.392090000212193,46427986.392099998891354,32715.388338100001420
6,7,BHT,5769059.669920000247657,5769059.669920000247657,12471.863063400000101
7,8,SYLVAN-HIGHLANDS/SOUTHWEST HILLS RESIDENTIAL LEAGUE,7414132.470700000412762,7414132.470700000412762,13398.703472200000760
8,9,DAMASCUS,440076887.701659977436066,440076888.519999980926514,295141.555400000012014
9,10,MIDWEST,13508979.174319999292493,13508979.174300000071526,21207.766608599999017
10,11,FIVE OAKS/TRIPLE CREEK,123990686.218750000000000,123990686.218999996781349,140778.095790999999736
11,12,BAGLEY DOWNS,18680418.316890001296997,18680418.316899999976158,24727.414783899999748
12,13,TRUMAN,23252089.386229999363422,23252089.386199999600649,24876.578969499998493
13,14,CPO 6 COOPER MTN-ALOHA N,204179021.472169995307922,204179021.472000002861023,67030.592449899995700
14,15,POWELL VALLEY,33360313.752930000424385,33360313.752900000661612,31823.881853300001239
15,16,NORTH CLACKAMAS,70527528.801269993185997,70527528.801300004124641,55202.763407699996606
16,17,GRESHAM - HOGAN CEDAR,27171473.913570001721382,27171473.913600001484156,28291.858979900000122
17,18,SUNSET,22279135.001949999481440,22279135.002000000327826,24403.833553299999039
18,19,VERNON,8290431.395019999705255,8290431.395019999705255,12562.361614499999632
19,20,KING,17629502.784180000424385,17629502.784200001507998,20442.818657299998449
20,21,WESTRIDGE,4565041.191410000436008,4565041.191410000436008,10672.658314599999358
21,22,JOHN'S WOODS,1250689.258790000109002,1250689.258790000109002,4612.635337630000322
22,23,CPO 3 GARDEN HOME-RALEIGH HILLS,55657525.429200001060963,55657525.429200001060963,56536.184407300002931
23,24,NORTH SHORE COUNTRY CLUB,11970073.063960000872612,11970073.063999999314547,21935.005816400000185
24,25,FAR SOUTHWEST,16596439.884279999881983,16596439.884299999102950,16553.929964200000541
25,26,IBACH,18066895.764649998396635,18066895.764600001275539,21696.570067799999379
26,27,PARKSIDE,9797960.962889999151230,9797960.962889999151230,12983.531537000000753
27,28,BELLA VISTA,4678977.876950000412762,4678977.876950000412762,10736.463768899999195
28,29,BURTON EVERGREEN,6391713.748540000058711,6391713.748540000058711,10586.684864799999559
29,30,COUNTRYSIDE WOODS,10572312.145020000636578,10572312.144999999552965,13355.090392500000235
30,31,CHILDS,5041380.370609999634326,5041380.370609999634326,13048.366252499999973
31,32,McVEY-SOUTH SHORE,11846144.293460000306368,11846144.293500000610948,21784.728699999999662
32,33,WEST HAZEL DELL,226735102.630369991064072,226735102.629999995231628,123532.096348999999464
33,34,LEWIS AND CLARK WOODS,3189691.385739999823272,3189691.385739999823272,9176.462339780000548
34,35,WESTLAKE,13045276.429199999198318,13045276.429199999198318,15216.001156199999969
35,36,LAKE FOREST,27931711.385249998420477,27931711.385299999266863,22599.196722100001352
36,37,CPO 1 CEDAR HILLS-CEDAR MILL N,13949098.528319999575615,13949098.528300000354648,22116.606626600001618
37,38,WEST SLOPE,16502896.883300000801682,16502896.883300000801682,54143.392059500001778
38,39,MARTINAZZI WOODS,16717513.200680000707507,16717513.200699999928474,17490.560420900001191
39,40,CIO 6 BYROM,24630804.977049998939037,24630804.977099999785423,23908.638100299998769
40,41,SKYLANDS,7082893.535640000365674,7082893.535640000365674,13285.704308599999422
41,42,MULT CO MT HOOD FOREST AREA,2478830535.480959892272949,2478830535.480000019073486,343797.881274999992456
42,43,CPO 7 SOMMERSET WEST-ELMONICA S,105539113.612790003418922,105539113.613000005483627,48521.846442299996852
43,44,WALUGA,9206298.524410000070930,9206298.524410000070930,13381.794700300000841
44,45,HOLLY ORCHARD,4083839.344240000005811,4083839.344240000005811,8646.287111229999937
45,46,CPO 3 GARDEN HOME-RALEIGH HILLS,3740322.812500000000000,3740322.812500000000000,9698.377746989999650
46,47,PARKWAY EAST,7086692.564939999952912,7086692.564939999952912,10650.550205499999720
47,48,CPO 12 CORNELIUS,186360356.648440003395081,186360356.648000001907349,95154.395836299998336
48,49,HIGHLAND,29235531.195310000330210,29235531.195300001651049,21918.940101399999548
49,50,LENTS,89540879.843260005116463,89540879.843299999833107,48052.147544300001755
50,51,CENTRAL BEAVERTON,85942046.871580004692078,85942046.871600002050400,144173.396871000004467
51,52,CLACKAMAS CO UNCLAIMED #5,7723037.750000000000000,7723037.750000000000000,13162.469244899999467
52,53,OAK CREEK,12068858.839360000565648,12068858.839400000870228,19768.550345499999821
53,54,McLOUGHLIN,24984680.821290001273155,24984680.821299999952316,32164.532137300000613
54,55,GREENWAY,32011936.238279998302460,32011936.238299999386072,25028.619838700000400
55,56,CPO 4B BULL MTN,242761419.878910005092621,242761419.879000008106232,77736.262260999996215
56,57,RIVERVIEW,12750134.140629999339581,12750134.140599999576807,15848.156931699999404
57,58,NORTH CENTRAL,71737361.617679998278618,71737361.617699995636940,38678.426803800000926
58,59,FRUIT VALLEY,204901888.155759990215302,204901888.155999988317490,154457.824523999996018
59,60,ROCKWOOD,48948954.324220001697540,48948954.324199996888638,36485.411302000000433
60,61,ESTHER SHORT,20818538.556639999151230,20818538.556600000709295,21695.059303699999873
61,62,COLUMBIA RIVER,34851407.129880003631115,34851407.129900000989437,38596.898691199996392
62,63,NEIGHBORS SOUTHWEST,67060582.337399996817112,67060582.337399996817112,47701.615440599998692
63,64,CPO 3 GARDEN HOME-RALEIGH HILLS,35539733.686039999127388,35539733.685999996960163,38192.589451899999403
64,65,SOUTH BEAVERTON,38125594.946780003607273,38125594.946800000965595,26233.044442499998695
65,66,NORTH GRESHAM,61888147.634280003607273,61888147.634300000965595,41579.438013300001330
66,67,ARDENWALD-JOHNSON CREEK/WOODSTOCK,2033477.979000000050291,2033477.979000000050291,6051.228146550000019
67,68,CPO 14,3424699845.692870140075684,3424699845.690000057220459,350846.560071000014432
68,69,SULLIVAN'S GULCH / GRANT PARK,420806.286130000022240,420806.286132999986876,3630.752775620000193
69,70,CPO 15,603010988.958979964256287,603010988.958999991416931,163240.929009000014048
70,71,CPO 12 FOREST GROVE,237783042.697270005941391,237783042.696999996900558,100523.980240999997477
71,72,CPO 11,3471617043.109379768371582,3471617043.110000133514404,347190.232903000025544
72,73,HILLENDALE,29041819.791990000754595,29041819.791999999433756,35606.707879900000989
73,74,GAFFNEY LANE,24589031.943360000848770,24589031.943399999290705,32421.614529200000106
74,75,PARK PLACE,32639722.796879999339581,32639716.190400000661612,43111.209410900002695
75,76,HAZEL GROVE/WESTLING FARM,16590542.712889999151230,16590539.151399999856949,39469.006208300001163
76,77,TWO RIVERS,30799508.116209998726845,30799508.116200000047684,37933.231914800002414
77,78,CPO 10,1891843631.749020099639893,1891843631.750000000000000,279647.074835999985225
78,79,CPO 3 GARDEN HOME-RALEIGH HILLS,45217.097659999999451,45217.097656300000381,965.620483624000030
79,80,CPO 1 CEDAR HILLS-CEDAR MILL N,19590.656250000000000,19590.656250000000000,563.801737997000032
80,81,CPO 1 CEDAR HILLS-CEDAR MILL N,261573.782709999999497,261573.782715000008466,2112.283405300000140
81,82,MOLALLA,1133536545.958250045776367,1133536545.960000038146973,238027.898462999990443
82,83,JOHNSON CITY,1889070.651860000099987,1889070.651860000099987,6349.780796709999777
83,84,CLACKAMAS CO UNCLAIMED #4,8640320.135250000283122,8640320.135250000283122,14160.810653399999865
84,85,ROBINWOOD,32605810.076659999787807,32605810.076699998229742,32363.411340599999676
85,86,MAPLEWOOD,17258574.043460000306368,17258574.043499998748302,18440.745443899999373
86,87,PALISADES,37952173.772950001060963,37952173.772900000214577,30898.180352200000925
87,88,PARKER CREST,10631463.969240000471473,10631463.969200000166893,18163.567105300000549
88,89,OTHER,6297072.497560000047088,6297072.497560000047088,34846.078391399998509
89,90,BLUE HERON,8959378.564939999952912,8959378.564939999952912,23228.791127600001346
90,91,HALLINAN,8885075.483400000259280,8885075.483400000259280,15596.595987700000478
91,92,MULT CO E SANDY RIVER AREA,1128626382.390140056610107,1128626382.390000104904175,252363.881144000013592
92,93,BARCLAY HILLS,21501595.431639999151230,21501595.431600000709295,25659.771099300000060
93,94,BRENTWOOD-DARLINGTON,48909661.170409999787807,48909661.170400001108646,32059.380833499999426
94,95,SIFTON,72905686.487299993634224,72905686.487299993634224,37664.389853300002869
95,96,EDGEWOOD PARK,8089807.294920000247657,8089807.294920000247657,13550.711005900000600
96,97,UPLANDS,13113589.360349999740720,13113589.360400000587106,19566.095611000000645
97,98,LAKE GROVE,14515388.494629999622703,14515388.494599999859929,26393.751915600001666
98,99,MAYWOOD PARK,4380237.099120000377297,4380237.099120000377297,11759.337706700000126
99,100,EVERGREEN,4289887.349609999917448,4289887.349609999917448,9536.456502249999176
100,101,ARDENWALD-JOHNSON CREEK,1454350.651860000099987,1454350.651860000099987,8357.002987739999298
101,102,SUMNER ASSOCIATION OF NEIGHBORS,22049496.943360000848770,22049496.943399999290705,22463.344996799998626
102,103,BRYANT,18316035.862789999693632,18316035.862799998372793,23641.490609100001166
103,104,SELLWOOD-MORELAND IMPROVEMENT LEAGUE,58065123.376460000872612,58065123.376500003039837,35848.621351100002357
104,105,ANDRESEN/ST JOHNS,63897324.040040001273155,63897324.039999999105930,38082.431567999999970
105,106,GLENMORRIE,6822708.042480000294745,6822708.042480000294745,13290.804635200000121
106,107,MILWAUKIE #1,8307203.463870000094175,8307203.463870000094175,16831.556216100001620
107,108,LAKEVIEW-SUMMIT,6202878.589359999634326,6202878.589359999634326,18488.163512099999934
108,109,SOUTH END,21663265.517579998821020,21663265.517599999904633,25893.689009400000941
109,110,ISLAND STATION,9559452.193360000848770,9559452.193360000848770,21877.888355099999899
110,111,HARNEY HEIGHTS,9553033.525389999151230,9553033.525389999151230,18780.551428499999020
111,112,VANMALL,24645737.693849999457598,24645737.693799998611212,27974.567941199999041
112,113,MEADOW HOMES,22310251.603519998490810,22310251.603500001132488,21726.248059199999261
113,114,COLLINS VIEW,24206631.124019999057055,24206631.124000001698732,36529.742290000001958
114,115,OLD EVERGREEN HWY,37670330.541019998490810,37670330.541000001132488,39067.340326300000015
115,116,CENTRAL PARK,19409274.991209998726845,19409274.991200000047684,18612.380897399998503
116,117,TOWER VISTA,13867455.722170000895858,13867455.722200000658631,20775.572146999998949
117,118,LAKEWOOD,5721105.554200000129640,5721105.554200000129640,13316.302786000000197
118,119,E. FORK FRONTIER,145660281.630860000848770,145660281.631000012159348,66616.884687300000223
119,120,RIDGEFIELD JUNCTION,756606716.789549946784973,756606716.789999961853027,163455.847267000004649
120,121,MADISON SOUTH,46775985.469729997217655,46775985.469700001180172,35453.636646899998595
121,122,EVERGREEN SHORES,2873749.756349999923259,2873749.756349999923259,8942.970592730000135
122,123,FOOTHILLS,4611457.186040000058711,4611457.186040000058711,10292.977383800000098
123,124,OLD TOWN,2051941.585939999902621,2051941.585939999902621,6962.314440039999681
124,125,SKYLINE RIDGE,2726869.713380000088364,2726869.713380000088364,8989.737224259999493
125,126,BRIDLEMILE/SOUTHWEST HILLS RESIDENTIAL LEAGUE,5425217.215819999575615,5425217.215819999575615,14791.908147699999972
126,127,HILLSDALE,52198853.908200003206730,52198853.908200003206730,42326.503161100001307
127,128,FIRST ADDITION-FOREST HILLS,17105427.118650000542402,17105427.118700001388788,17378.575858399999561
128,129,COLUMBIA WAY,38382446.875000000000000,38382446.875000000000000,37963.263125400000717
129,130,MULT CO NE COMMUNITY NEMCCA AREA,1735289384.188479900360107,1735289384.190000057220459,384303.985016999999061
130,131,MAPLEWOOD,10071797.166500000283122,10071797.166500000283122,16323.177198900000803
131,132,ROSE VILLAGE,20119883.675289999693632,20119883.675299998372793,17243.032965999998851
132,133,WASHOUGAL RIVER,745846634.657230019569397,745846634.656999945640564,155919.935970999998972
133,134,MEADOW GLADE,128870169.137700006365776,128870169.137999996542931,52652.460413300002983
134,135,EAST MINNEHAHA,39914918.011229999363422,39914918.011200003325939,40488.607966299998225
135,136,KEVANNA PARK,16226138.011229999363422,16226138.011199999600649,21197.183548000000883
136,137,GREATER BRUSH PRAIRIE,1387006.968259999994189,1387006.968259999994189,6904.396309490000021
137,138,MAPLE TREE,37185661.279299996793270,37185661.279299996793270,29551.793744300000981
138,139,HERITAGE,53857823.064939998090267,53857823.064900003373623,40281.422342500001832
139,140,WILDWOOD,6464837.140630000270903,6464837.140630000270903,11965.703163500000301
140,141,NORTH SALMON CREEK,133674516.196779996156693,133674516.196999996900558,53947.052310999999463
141,142,RAMBLIN CREEK EST / S SALMON CREEK AVE N,4877535.541020000353456,4877535.541020000353456,10566.002652900000612
142,143,FELIDA,136704966.809570014476776,136704966.810000002384186,62404.484789599999203
143,144,ELLSWORTH SPRINGS,26061339.947749998420477,26061339.947799999266863,22090.058038899998792
144,145,NE HAZEL DELL,117442887.565430000424385,117442887.564999997615814,52341.751301299998886
145,146,RIVERIDGE,9928617.367680000141263,9928617.367680000141263,16311.711821200000486
146,147,GREATER BRUSH PRAIRIE,724795.227049999986775,724795.227050999994390,3905.789846430000125
147,148,GREATER BRUSH PRAIRIE,791834445.383790016174316,791834445.383999943733215,161136.698238999990281
148,149,PLEASANT HIGHLANDS,69149901.316890001296997,69149901.316899999976158,38490.537494299998798
149,150,GREATER BRUSH PRAIRIE,203198.441889999987325,203198.441894999996293,2135.701942099999997
150,151,SUNNYSIDE,157191181.989259988069534,157191181.988999992609024,55042.821166499998071
151,152,VILLAGE AT FISHERS LANDING,3527730.862300000153482,3527730.862300000153482,7961.433361119999972
152,153,ENTERPRISE/PARADISE POINT,240620873.582520008087158,240620873.583000004291534,94164.830941599997459
153,154,FAIRGROUNDS,658541973.724609971046448,658541973.725000023841858,137510.635353999998188
154,155,NORTH GARRISON HEIGHTS,13926851.198240000754595,13926851.198200000450015,15916.027886100000615
155,156,VANCOUVER HEIGHTS,31173375.453129999339581,31173375.453099999576807,30245.441109799998230
156,157,SHERWOOD,36017222.083010002970695,36017222.082999996840954,27414.272105399999418
157,158,FISHERS CREEK,9507118.440430000424385,9507118.440430000424385,15377.629495799999859
158,159,WEST MINNEHAHA,43423435.030270002782345,43423435.030299998819828,32135.148883999998361
159,160,MULT CO LAKE OSWEGO AREA,2129259.208980000112206,2129259.208980000112206,5872.405374670000128
160,161,MULT CO INTERLACHEN AREA,6523979.812500000000000,6523979.812500000000000,13375.601953900000808
161,162,BEAVERCREEK,621742336.954589962959290,621742336.955000042915344,196452.048292999999830
162,163,MULT CO TROUTDALE AREA,9396164.435060000047088,9396164.435060000047088,15603.322836900000766
163,164,CPO 1 CEDAR HILLS-CEDAR MILL N,10724568.059569999575615,10724568.059599999338388,14623.358456699999806
164,165,CPO 1 CEDAR HILLS-CEDAR MILL N,13133576.094729999080300,13133576.094699999317527,24225.369309599998815
165,166,CPO 6 COOPER MTN-ALOHA S,192913879.500000000000000,192913879.500000000000000,75122.757722700000159
166,167,CAUFIELD,46028617.489260002970695,46028617.489299997687340,43346.163872899996932
167,168,CPO 1 CEDAR HILLS-CEDAR MILL N,5679366.172849999740720,5679366.172849999740720,13690.384220800000548
168,169,CPO 7 SOMMERSET WEST-ELMONICA N,305850971.403810024261475,305850971.403999984264374,86459.885695699995267
169,170,RIVERVIEW CEMETERY AREA,17591759.742679998278618,17591759.742699999362230,21557.726835699999356
170,171,SEXTON MOUNTAIN,48648481.885250002145767,48648481.885300002992153,29822.855269399999088
171,172,MULT CO GOVERNMENT ISLAND AREA,268674485.483399987220764,268674485.482999980449677,130787.397716000006767
172,173,MULT CO BIRDSHILL AREA,70239.122069999997620,70239.122070299999905,1300.149870740000097
173,174,MULT CO TROUTDALE AREA,1155849.899410000070930,1155849.899410000070930,4347.881884669999636
174,175,CPO 13,3120603173.140140056610107,3120603173.139999866485596,428223.137820000003558
175,176,GRESHAM - NORTHEAST,29952129.462400000542402,29952129.462400000542402,28831.981320200000482
176,177,PORTLAND PDX AIRPORT AREA,149596602.929199993610382,149596602.928999990224838,59595.717706900002668
177,178,HISTORIC SOUTHEAST,15556056.747560000047088,15556056.747600000351667,18317.784873600001447
178,179,BIRDSHILL,8364326.718750000000000,8364326.718750000000000,15044.732283499999539
179,180,WOOD VILLAGE,26534728.788090001791716,26534728.788100000470877,27139.136164499999722
180,181,FAIRVIEW,98350232.187989994883537,98350232.187999993562698,69589.556860199998482
181,182,PORTLAND UNCLAIMED #5,648352.145509999943897,648352.145508000045083,4006.786127049999777
182,183,PARKROSE,56019253.406740002334118,56019253.406700000166893,34823.904464300001564
183,184,CPO 8,3504303529.189449787139893,3504303529.190000057220459,339284.342507999972440
184,185,CPO 1 CEDAR HILLS-CEDAR MILL N,35300375.754880003631115,35300375.754900000989437,28668.317102000000887
185,186,CPO 3 GARDEN HOME-RALEIGH HILLS,15121537.724610000848770,15121537.724600000306964,30520.448143000001437
186,187,CPO 4K,59663254.871579997241497,59663254.871600002050400,52187.691266599998926
187,188,ROSEWOOD,14498972.352539999410510,14498972.352499999105930,18957.087167099998624
188,189,CPO 5 SHERWOOD-TUALATIN N,121062319.508790001273155,121062319.509000003337860,87057.553841899993131
189,190,CPO 1 CEDAR HILLS-CEDAR MILL N,18206432.677730001509190,18206432.677700001746416,24895.089857099999790
190,191,RIVERPARK,33795023.586429998278618,33795023.586400002241135,44834.701813500003482
191,192,CPO 5,386519968.141110002994537,386519968.140999972820282,138428.501966000010725
192,193,CIMARRON,2414202.700199999846518,2414202.700199999846518,7054.322508119999839
193,194,SHUMWAY,6665214.469730000011623,6665214.469730000011623,11160.752056600000287
194,195,STAFFORD-TUALATIN VALLEY,308766669.899900019168854,308766669.899999976158142,120897.314509999996517
195,196,ARLINGTON HEIGHTS,13679391.331049999222159,13679391.331100000068545,15716.743059200000062
196,197,ARLINGTON HEIGHTS/SYLVAN-HIGHLANDS,11895185.782710000872612,11895185.782700000330806,18483.996135000001232
197,198,BOISE/ELIOT,813347.139160000020638,813347.139160000020638,5971.610882470000433
198,199,ASHCREEK,25356525.826659999787807,25356525.826699998229742,40223.176996900001541
199,200,HILLSIDE,16728856.492680000141263,16728856.492699999362230,22361.013105499998346
200,201,CATHEDRAL PARK,28593725.841800000518560,28593725.841800000518560,26257.143269200001669
201,202,UNIVERSITY PARK,36816474.786619998514652,36816474.786600001156330,27452.339951199999632
202,203,NORTHWEST INDUSTRIAL,84093977.108400002121925,84093977.108400002121925,54376.322648699999263
203,204,PIEDMONT,32056314.647459998726845,32056314.647500000894070,24900.681839799999580
204,205,WOODLAWN,20414019.891600001603365,20414019.891600001603365,18551.042796900001122
205,206,ELIOT,23561923.209959998726845,23561923.210000000894070,21137.602001800001744
206,207,IRVINGTON COMMUNITY ASSOCIATION,18135961.388179998844862,18135961.388199999928474,19570.048748799999885
207,208,SABIN COMMUNITY ASSN./IRVINGTON COMMUNITY ASSN.,2935401.997070000041276,2935401.997070000041276,7492.220614900000328
208,209,ALAMEDA/IRVINGTON COMMUNITY ASSN.,2957190.976069999858737,2957190.976069999858737,7128.238466089999747
209,210,ROSE CITY PARK,33369371.320799998939037,33369371.320799998939037,22937.877084200001264
210,211,PARKROSE HEIGHTS,27144747.404789999127388,27144747.404800001531839,20572.526612500001647
211,212,SAVANNA OAKS,15428845.583979999646544,15428845.584000000730157,20918.466020600000775
212,213,BOLTON,31922262.774409998208284,31922262.774399999529123,29371.700942499999655
213,214,WEST PORTLAND PARK,20335089.426759999245405,20335089.426800001412630,21789.326105100000859
214,215,HIDDEN SPRINGS,20833875.229979999363422,20833875.230000000447035,20977.324638599999162
215,216,EAST TUALATIN,30969630.010740000754595,30969630.010699998587370,32858.249354899999162
216,217,RUSSELL,22263396.490230001509190,22263396.490200001746416,19650.504849299999478
217,218,EAST TUALATIN,629762.001460000057705,629762.001464999979362,3812.533234940000057
218,219,PEARL DISTRICT,12417559.129879999905825,12417559.129899999126792,14943.902400200000557
219,220,GRANT PARK/HOLLYWOOD,1180990.643069999990985,1180990.643069999990985,6055.263348329999644
220,221,HOLLYWOOD,4997951.247069999575615,4997951.247069999575615,9796.403547260000778
221,222,WOODLAND PARK,1337436.539550000103191,1337436.539550000103191,5230.023433199999999
222,223,LLOYD DISTRICT COMMUNITY ASSOCIATION,14273271.510740000754595,14273271.510700000450015,17195.762673699999141
223,224,SULLIVAN'S GULCH,7643206.670409999787807,7643206.670409999787807,12888.239684000000125
224,225,WILLAMETTE,53747875.299319997429848,53747875.299300000071526,46550.977646999999706
225,226,MONTAVILLA,60725955.817869998514652,60725955.817900002002716,35545.373233699996490
226,227,LAURELHURST,18617068.254879999905825,18617068.254900000989437,17615.094498900001781
227,228,HILLSIDE/NORTHWEST DISTRICT,2925480.217769999988377,2925480.217769999988377,12358.093480300000010
228,229,ROSEWAY/MADISON SOUTH,2211885.786129999905825,2211885.786129999905825,6305.674017190000086
229,230,GRANT PARK,12721103.468259999528527,12721103.468299999833107,18807.937426799999230
230,231,KERNS,23039593.791990000754595,23039593.791999999433756,29814.468215600001713
231,232,NORTH TABOR,16315473.472170000895858,16315473.472200000658631,24233.834374599999137
232,233,CPO 5 SHERWOOD-TUALATIN S1,214669629.909179985523224,214669629.909000009298325,124343.935521000006702
233,234,MT. SCOTT-ARLETA,24080340.257320001721382,24080340.257300000637770,20888.415598799998406
234,235,GLENFAIR,8845569.865720000118017,8845569.865720000118017,12926.619002499999624
235,236,PORTLAND DOWNTOWN,26280457.146000001579523,26280457.146000001579523,20690.038789199999883
236,237,MT. TABOR,44555407.223140001296997,44555407.223099999129772,27359.301832599998306
237,238,GOOSE HOLLOW/SOUTHWEST HILLS,468025.796389999974053,468025.796387000009418,3059.769826579999972
238,239,GOOSE HOLLOW/SOUTHWEST HILLS,2177925.857909999787807,2177925.857909999787807,11463.163549700000658
239,240,SUNNYSIDE,16656181.421390000730753,16656181.421399999409914,17919.364504799999850
240,241,MILL PARK,28203254.988770000636578,28203254.988800000399351,22508.127778400001262
241,242,NORTHFIELD,1369079.970699999947101,1369079.970699999947101,5415.979139379999651
242,243,CULLY ASSOCIATION OF NEIGHBORS,87474150.069340005517006,87474150.069299995899200,41762.015967300001648
243,244,ARBOR LODGE,24192889.052250001579523,24192889.052200000733137,21751.889941400000680
244,245,OVERLOOK,88766297.676269993185997,88766297.676300004124641,43460.694494199997280
245,246,CONCORDIA,36980109.886229999363422,36980109.886200003325939,25984.157869999999093
246,247,CPO 4M METZGER,242465603.162110000848770,242465603.162000000476837,100335.961227000007057
247,248,ARGAY TERRACE,57232913.071290001273155,57232913.071299999952316,30436.020613699998648
248,249,HUMBOLDT,15327378.709470000118017,15327378.709499999880791,15801.508963399999629
249,250,ARGAY/WILKES COMMUNITY GROUP,342733.971190000011120,342733.971191000018734,3399.682985509999980
250,251,ALAMEDA-BEAUMONT-WILSHIRE,470374.120609999983571,470374.120605000003707,3189.714252880000004
251,252,FOREST PARK/NORTHWEST DISTRICT,205138.225589999987278,205138.225585999985924,3058.007800039999893
252,253,HAZELWOOD/MILL PARK,1304118.777830000035465,1304118.777830000035465,4587.776223959999697
253,254,CPO 5 SHERWOOD-TUALATIN S2,66199188.513180002570152,66199188.513199999928474,39656.702784100001736
254,255,EASTMORELAND/REED,6081001.490229999646544,6081001.490229999646544,14176.263174600000639
255,256,REED,12866304.801270000636578,12866304.801300000399351,20507.378389199999219
256,257,MARYLHURST,7464173.148930000141263,7464173.148930000141263,16737.745266400001128
257,258,CENTENNIAL COMMUNITY ASSN./PLEASANT VALLEY,8754582.752930000424385,8754582.752930000424385,22360.795182400001067
258,259,HEALY HEIGHTS/SOUTHWEST HILLS RESIDENTIAL LEAGUE,1640622.602050000103191,1640622.602050000103191,6587.303719679999631
259,260,LENTS/POWELLHURST-GILBERT,13345907.986819999292493,13345907.986800000071526,19443.512610099998710
260,261,BEAUMONT-WILSHIRE,20108766.734859999269247,20108766.734900001436472,19686.783421000000089
261,262,SABIN COMMUNITY ASSOCIATION,10182778.309569999575615,10182778.309599999338388,13920.044089000000895
262,263,ALAMEDA,13679712.543460000306368,13679712.543500000610948,19576.971498800001427
263,264,BOISE,11113860.270999999716878,11113860.270999999716878,15301.712076499999966
264,265,ROSEWAY,23467422.932130001485348,23467422.932100001722574,20963.393339700000070
265,266,SOUTHWEST HILLS RESIDENTIAL LEAGUE,287223.991210000007413,287223.991211000015028,2455.444183720000183
266,267,AIRPORT GREEN,2787554.484379999805242,2787554.484379999805242,8423.026317350000681
267,268,RIVERGROVE,4401071.411129999905825,4401071.411129999905825,15422.432409099999859
268,269,FAIRWAY / 164TH AVE,11098372.799799999222159,11098372.799799999222159,13400.955394799999340
269,270,IMAGE,22577449.725099999457598,22577449.725099999457598,20379.561215300000185
270,271,CASCADE SOUTH EAST,7532487.090819999575615,7532487.090819999575615,12029.836319599999115
271,272,HEARTHWOOD,6794001.426269999705255,6794001.426269999705255,10460.284944099999848
272,273,PLEASANT VALLEY/POWELLHURST-GILBERT,8774414.206049999222159,8774414.206049999222159,14139.122650499999509
273,274,CENTENNIAL COMMUNITY ASSOCIATION,82242925.171880006790161,82242925.171900004148483,45004.332585900003323
274,275,MULTNOMAH,40223787.025880001485348,40223787.025899998843670,30582.582425799999328
275,276,HAZELWOOD,112747607.085449993610382,112747607.084999993443489,65156.958986999998160
276,277,OLD TOWN/ CHINATOWN,7824323.352049999870360,7824323.352049999870360,12665.684236799999780
277,278,BRIDLEMILE,33665671.882320001721382,33665671.882299996912479,31764.377038099999481
278,279,BROOKLYN ACTION CORPS,47857499.556149996817112,47857499.556199997663498,36941.869147199999134
279,280,FOSTER-POWELL,24806700.540040001273155,24806700.539999999105930,23776.675700499999948
280,281,SOUTHWEST HILLS RESIDENTIAL LEAGUE,64624664.337889999151230,64624664.337899997830391,60933.440261000003375
281,282,HOSFORD-ABERNETHY NEIGHBORHOOD DISTRICT ASSOCIATION,36080388.005860000848770,36080388.005900003015995,27240.943639699999039
282,283,RICHMOND,35630005.696290001273155,35630005.696299999952316,24967.954086800000368
283,284,BUCKMAN COMMUNITY ASSOCIATION,32168898.528809998184443,32168898.528799999505281,24474.977001999999629
284,285,LINNTON,60700717.174800001084805,60700717.174800001084805,121055.959409999995842
285,286,NORTHWEST HEIGHTS,38299304.720700003206730,38299304.720700003206730,43326.946130600001197
286,287,CPO 3 GARDEN HOME-RALEIGH HILLS,48285.307619999999588,48285.307617200000095,915.506153883000025
287,288,FOREST PARK/LINNTON,168578688.832520008087158,168578688.833000004291534,132527.605869999999413
288,289,NORTHWEST DISTRICT,40308803.830569997429848,40308803.830600000917912,42436.396465999998327
289,290,CPO 1 CEDAR HILLS-CEDAR MILL N,8956539.252930000424385,8956539.252930000424385,13603.792191200000161
290,291,FOURTH PLAIN VILLAGE,7994599.812989999540150,7994599.812989999540150,12788.083140000000640
291,292,HUDSONS BAY,24689622.364259999245405,24689622.364300001412630,21188.336199599998508
292,293,NORTHCREST,5127041.498540000058711,5127041.498540000058711,9906.100493359999746
293,294,MOUNTAIN VIEW,11623785.992189999669790,11623785.992200000211596,14587.101534499999616
294,295,CASCADE HIGHLANDS,16180824.413569999858737,16180824.413599999621511,19158.824896199999785
295,296,ARNADA,6358241.243649999611080,6358241.243649999611080,10172.473778699999457
296,297,SYLVAN-HIGHLANDS,15782667.356450000777841,15782667.356399999931455,20575.094048599999951
297,298,GOOSE HOLLOW,9454119.821289999410510,9454119.821289999410510,15576.346331500000815
298,299,EASTMORELAND,23636173.064940001815557,23636173.064899999648333,21913.404445600001054
299,300,EASTMORELAND/ARDENWALD-JOHNSON CREEK,1248298.673829999985173,1248298.673829999985173,6278.249105580000105
300,301,BURNT BRIDGE CREEK,24377189.873050000518560,24377189.872999999672174,22035.685170000000653
301,302,SOUTH PORTLAND,47466708.150880001485348,47466708.150899998843670,44728.793530100003409
302,303,HOMESTEAD,22639970.585939999669790,22639970.585900001227856,26192.886168500001077
303,304,SOUTH TABOR,22278077.576659999787807,22278077.576699998229742,21095.595463199999358
304,305,POWELLHURST-GILBERT,95737556.345699995756149,95737556.345699995756149,54563.763170999998692
305,306,CRESTON-KENILWORTH,22372850.349610000848770,22372850.349599998444319,24117.289438899999368
306,307,OGDEN,40886865.071780003607273,40886865.071800000965595,28193.177333200001158
307,308,OAKBROOK,16533407.920409999787807,16533407.920399999246001,21137.953070700001263
308,309,NORTHWEST,30968991.295409999787807,30968991.295400001108646,26664.967270100001770
309,310,FISHERS LANDING EAST,33746492.328129999339581,33746492.328100003302097,28306.265920999998343
310,311,SOUTH CLIFF,4260839.683589999563992,4260839.683589999563992,9891.855811979999999
311,312,DUBOIS PARK,5186566.503910000436008,5186566.503910000436008,9858.270637400000851
312,313,EVERGREEN HIGHLANDS,8024251.830570000223815,8024251.830570000223815,12094.444338100000095
313,314,SOUTH BURLINGAME,11851491.549799999222159,11851491.549799999222159,16991.549346399999195
314,315,MARKHAM,14473431.175289999693632,14473431.175300000235438,21229.648192000000563
315,316,BENNINGTON,27675246.916499998420477,27675246.916499998420477,25414.596861900001386
316,317,CARTER PARK,9281202.348629999905825,9281202.348629999905825,13240.504572800000460
317,318,FOREST RIDGE,3611244.867680000141263,3611244.867680000141263,8294.482246220000889
318,319,MARRION,18491395.538090001791716,18491395.538100000470877,17300.924767799999245
319,320,LANDOVER-SHARMEL,18505677.156739998608828,18505677.156700000166893,19255.011671200001729
320,321,BURTON RIDGE,7189661.648439999669790,7189661.648439999669790,11663.452340899999399
321,322,FIRCREST,37566553.383299998939037,37566553.383299998939037,27676.750162000000273
322,323,NORTH HEARTHWOOD,4251013.810060000047088,4251013.810060000047088,8519.740432610000425
323,324,NORTHWOOD,6809868.761719999834895,6809868.761719999834895,10585.724533599999631
324,325,FIRST PLACE,5459192.388670000247657,5459192.388670000247657,9413.609805419999248
325,326,HOUGH,10784725.930660000070930,10784725.930700000375509,13223.888067100000626
326,327,LINCOLN,19352694.485840000212193,19352694.485800001770258,21183.838578200000484
327,328,FATHER BLANCHET PARK,8780889.350099999457598,8780889.350099999457598,14180.085145299999567
328,329,NORTH IMAGE,43200984.861330002546310,43200984.861299999058247,27578.396540400000958
329,330,WOODSTOCK,34754840.671389997005463,34754840.671400003135204,30211.601191599998856
330,331,MARSHALL PARK,17021180.052730001509190,17021180.052700001746416,27790.266895100001420
331,332,CRESTWOOD,15582717.053710000589490,15582717.053700000047684,21626.751527299998997
332,333,CANEMAH,10131069.515140000730753,10131069.515100000426173,19264.827102899998863
333,334,CPO 9 HILLSBORO,573060958.813959956169128,573060958.814000010490417,128255.080237999995006
334,335,RIVERCREST,14239575.660159999504685,14239575.660199999809265,20717.440210900000238
335,336,CPO 1 CEDAR HILLS-CEDAR MILL S,37432.052730000003066,37432.052734400000190,834.109398181999950
336,337,ROADS END,12167787.581539999693632,12167787.581499999389052,14601.751866900000095
337,338,GRESHAM - WILKES EAST,37951180.475589998066425,37951180.475599996745586,29002.498199699999532
338,339,WEST SLOPE,17528.418949999999313,17528.418945299999905,547.695199761000026
339,340,CPO 1 CEDAR HILLS-CEDAR MILL S,1560759.165040000109002,1560759.165040000109002,6452.983593910000309
340,341,CPO 1 CEDAR HILLS-CEDAR MILL S,409173.993160000012722,409173.993163999984972,2597.378465950000191
341,342,NORTH FORK LEWIS RIVER,228630961.921880006790161,228630961.921999990940094,86871.588637900000322
342,343,EAST FORK HILLS RURAL,144363568.852050006389618,144363568.851999998092651,54611.290715399998589
343,344,ARDENWALD-JOHNSON CREEK,5905620.821779999881983,5905620.821779999881983,14948.150259800000640
344,345,ROCK CREEK,24773289.504879999905825,24773290.307100001722574,107874.549333999995724
345,346,CLACKAMAS,86503411.258300006389618,86503411.258300006389618,66209.728052399994340
346,347,SUNNYSIDE - WEST MT. SCOTT,79734950.563480004668236,79734950.776899993419647,139284.849943999986863
347,348,ROSEMONT SUMMIT,11744805.736330000683665,11744805.736300000920892,15969.142778600000383
348,349,SOUTHGATE,83142022.858400002121925,83142022.858400002121925,100355.961079000000609
349,350,ARDENWALD,18992203.116700001060963,18992203.116700001060963,22821.553345500000432
350,351,HECTOR CAMPBELL,12507365.386229999363422,12507365.386199999600649,15270.347585600000457
351,352,LAKE ROAD,20926604.910160001367331,20926604.910199999809265,38312.287578199997370
352,353,LEWELLING,22048700.450679998844862,22048700.450699999928474,67021.618530000007013
353,354,LINWOOD,19049851.908690001815557,19049851.908700000494719,29197.377969400000438
354,355,NORTH MILWAUKIE INDUSTRIAL AREA,11926807.520999999716878,11926807.520999999716878,18314.039001599998301
355,356,MILWAUKIE BUSINESS INDUSTRIAL,11668906.762210000306368,11668906.762199999764562,24426.963789900000847
356,357,HISTORIC MILWAUKIE,15312886.396479999646544,15312886.396500000730157,22733.468066699999326
357,358,SOUTH CLACKAMAS COUNTY,7675665218.203610420227051,7675665218.199999809265137,614039.210456999950111
358,359,SOUTH CANBY,1832528975.453130006790161,1832528975.450000047683716,243601.294804000004660
359,360,COLTON,1545665404.646480083465576,1545665404.650000095367432,206555.927091999998083
360,361,ESTACADA,2275856699.430180072784424,2275856699.429999828338623,272255.171336999977939
361,362,BULL RUN COMMUNITY ASSOCIATION,576142966.858399987220764,576142966.858000040054321,155338.379371999995783
362,363,FIRWOOD NEIGHBORS,1169962685.115720033645630,1169962685.119999885559082,195741.817238999996334
363,364,GOVERNMENT CAMP,1247046837.359380006790161,1247046837.359999895095825,192223.268786000000546
364,365,RHODODENDRON,27822099.685059998184443,27822099.685100000351667,21113.428379799999675
365,366,MT. HOOD CORRIDOR,1069761746.892580032348633,1069761746.889999985694885,240072.930457000009483
366,367,COTTRELL,224650045.604000002145767,224650045.604000002145767,68008.965301400006865
367,368,EAGLE CREEK - BARTON,780036958.666499972343445,780036958.667000055313110,176978.905013000010513
368,369,BORING,476194782.587890028953552,476194533.818000018596649,117065.802020000002813
369,370,CARVER - LOGAN,198498208.971679985523224,198498208.972000002861023,66709.080323500005761
370,371,REDLAND - FISCHERS MILL - VIOLA,979924258.999510049819946,979924259.000000000000000,168934.694268999999622
371,372,HOLCOMB-OUTLOOK,345860085.724120020866394,345860092.330999970436096,134258.426682999997865
372,373,CARUS,331710705.530759990215302,331710705.531000018119812,102935.105551000000560
373,374,MULINO,409700624.678219974040985,409700624.677999973297119,123517.506215000001248
374,375,LADD HILL,200625486.528809994459152,200625486.529000014066696,64575.772110099998827
375,376,AURORA - BUTTEVILLE - BARLOW,386811357.451659977436066,386811357.452000021934509,146947.278744000010192
376,377,FAR WEST ASSOCIATION OF NEIGHBORS,633556902.585940003395081,633556902.585999965667725,199888.677357999986270
377,378,CENTRAL POINT - LELAND - NEW ERA,331702424.737789988517761,331702428.299000024795532,132383.800451999995857
378,379,CLARKES - HIGHLAND,975973112.161870002746582,975973112.161999940872192,153071.729991000000155
379,380,GRANT PARK,56986342.520020000636578,56986342.520000003278255,41308.822448699997040
380,381,JENNINGS LODGE,34608502.793459996581078,34608502.793499998748302,34060.233484500000486
381,382,GLADSTONE,69344327.660640001296997,69344327.660600006580353,65675.676942999998573
382,383,BARLOW,1431393.267089999979362,1431393.267089999979362,8087.054852659999597
383,384,SANDY,512633522.300779998302460,512633771.069999992847443,153774.789549000008265
384,385,CANBY,401149988.748049974441528,401149988.748000025749207,105322.761390999992727
385,386,WILSONVILLE,208589137.601559996604919,208589137.601999998092651,91556.268143199995393
386,387,OAK GROVE COMMUNITY COUNCIL,168371736.157709985971451,168371736.157999992370605,90500.015262899993104
387,388,ROCK CREEK,203774.263180000009015,203774.263184000010369,1872.274497910000036
388,389,CLACKAMAS,10746775.358400000259280,10746775.358400000259280,28841.433062600000994
389,390,ASHCREEK/CRESTWOOD,1890674.076660000020638,1890674.076660000020638,10381.284656800000448
390,391,MULT CO TROUTDALE AREA,772136.300290000042878,772136.300292999949306,3693.037949019999814
391,392,CPO 3 GARDEN HOME-RALEIGH HILLS,79750.354980000003707,79750.354980499992962,1442.859106729999894
392,393,DAMASCUS,43556.709470000001602,43556.709472700000333,974.299940733999961
393,394,DAMASCUS,87596.372560000003432,87596.372558599992772,1993.116801399999986
394,395,DAMASCUS,91378.038090000001830,91378.038085899999714,1484.153169200000093
395,396,SUNRISE,15755505.612299999222159,15755505.612299999222159,16679.378555800001777
396,397,PALISADES,11555157.444819999858737,11555157.444800000637770,17566.403956300000573
397,398,NORTH TROUTDALE,62042504.994630001485348,62042504.994599997997284,36566.488920999996481
398,399,BEAVER CREEK,17643327.045409999787807,17643327.045400001108646,27402.417555700001685
399,400,ST. JOHNS,308302409.490719974040985,308302409.490999996662140,74813.761157600005390
400,401,HAYDEN ISLAND NEIGHBORHOOD NETWORK,83150459.788570001721382,83150459.788599997758865,62861.167605700000422
401,402,KENTON,96056279.664059996604919,96056279.664100006222725,44182.818819200001599
402,403,BRIDGETON,7553651.316410000436008,7553651.316410000436008,19839.719547199998487
403,404,EAST COLUMBIA,63552441.907710000872612,63552441.907700002193451,35351.648735199996736
404,405,SUNDERLAND ASSOCIATION OF NEIGHBORS,49151498.981930002570152,49151498.981899999082088,47553.320345899999666
405,406,PORTSMOUTH,30168358.633299998939037,30168358.633299998939037,22974.248105200000282
406,407,MULT CO ENGLEWOOD AREA,4644609.358400000259280,4644609.358400000259280,10586.893226199999845
407,408,FOREST HIGHLANDS,23362342.456050001084805,23362342.456099998205900,23417.435083500000474
408,409,CPO 1 CEDAR HILLS-CEDAR MILL S,163141406.709960013628006,163141406.710000008344650,102307.870551999993040
409,410,HAYHURST,31870111.259769998490810,31870111.259799998253584,28648.879192299998977
410,411,DENNEY WHITFORD/RALEIGH WEST,62160988.342289999127388,62160988.342299997806549,108256.824796000000788
411,412,CPO 3 GARDEN HOME-RALEIGH HILLS,539874.509770000004210,539874.509765999973752,2986.086832529999811
412,413,SUNNYSIDE - WEST MT SCOTT,34831282.288089998066425,34831282.288099996745586,64140.093802099996537
413,414,FOREST PARK,335023640.371089994907379,335023640.370999991893768,190032.203654999990249
414,415,HAPPY VALLEY,321954617.044920027256012,321954615.211000025272369,517126.743697999976575
415,416,MULT CO RIVERDALE AREA,32725834.593260001391172,32725834.593299999833107,35701.396169699997699
416,417,TRYON CREEK AREA,18189518.113770000636578,18189518.113800000399351,32778.823405000002822
417,418,MOUNTAIN PARK,29770507.872559998184443,29770507.872600000351667,42925.384538999998767
418,419,ARNOLD CREEK,30566697.830079998821020,30566697.830099999904633,35651.166628699997091
419,420,HOLLYBROOK,17152134.295899998396635,17152134.295899998396635,20900.899955600001704
420,421,GRESHAM - CENTENNIAL,50220857.638669997453690,50220857.638700000941753,36467.453866299998481
421,422,GRESHAM - NORTHWEST,33739176.987300001084805,33739176.987300001084805,26696.407002600000851
422,423,PLEASANT VALLEY,178431021.582029998302460,178431021.581999987363815,97944.251633199994103
423,424,CENTRAL CITY,20564356.162110000848770,20564356.162099998444319,20998.970443300000625
424,425,MULT CO W SANDY RIVER AREA,428135209.750000000000000,428135209.750000000000000,173024.113439000007929
425,426,SWEETBRIAR,14936815.613770000636578,14936815.613800000399351,21314.502465599998686
426,427,TOWN CENTER,26959633.279789999127388,26959633.279800001531839,29731.172021700000187
427,428,COLUMBIA,17906635.407710000872612,17906635.407699998468161,19128.562366699999984
428,429,MULT CO TROUTDALE AREA,121553.841799999994691,121553.841797000000952,1958.792168389999915
429,430,GRESHAM BUTTE,95519563.280760005116463,95519563.280799999833107,64041.155229999996664
430,431,MULTNOMAH CO UNCLAIMED #14,6651385.621089999563992,6651385.621089999563992,15936.528073999999833
431,432,GRESHAM - SOUTHWEST,45608413.005860000848770,45608413.005900003015995,37421.125989400003164
432,433,CPO 7 SOMMERSET WEST-ELMONICA N,1008670.496090000029653,1008670.496090000029653,4447.123213629999555
433,434,CPO 7 SOMMERSET WEST-ELMONICA N,372842.168460000015330,372842.168456999992486,2773.703679820000161
434,435,DAMASCUS,15308.262699999999313,15308.262695299999905,855.751147875000015
435,436,DAMASCUS,104980.053709999992861,104980.053711000000476,3017.921887340000012
436,437,CLACKAMAS,305377.593259999994189,305377.593262000009418,2850.036412460000065
437,438,HOLCOLMB-OUTLOOK,160044.393069999990985,160044.393065999989631,1656.939838589999908
438,439,PROEBSTEL,1935837689.202640056610107,1935837689.200000047683716,234211.941334000002826